"","Longtitude","Latitude","Sprayable","Prediction"
"106059259",30.1041088580475,-2.02777963135526,1,1
"106059260",30.1043324402672,-2.02769853119269,1,1
"106060640",30.123652,-2.0403366,1,1
"106060647",30.1236809696495,-2.04059733715569,1,1
"106060658",30.12391972178,-2.04031191564317,1,1
"106060661",30.1242219,-2.04042785,0,1
"106060662",30.1236814741317,-2.04019327911487,1,1
"106080221",30.0900220350133,-2.00172061089105,0,1
"106080222",30.0911499,-2.00181265,0,1
"106080224",30.0912584656883,-2.00178159323936,0,1
"106080225",30.0910476528404,-2.00214307945369,0,1
"106080228",30.0908835791432,-2.00193730535626,0,1
"106080231",30.0898474921145,-2.00170172601446,0,1
"106080239",30.0896866,-2.00166115,0,1
"106080249",30.09390055,-2.00120935,1,1
"106080268",30.0914514748041,-2.00177516116878,0,1
"106080271",30.0930052931249,-2.00163150787409,1,1
"106080276",30.0907462190993,-2.0018491970126,0,1
"106080289",30.0913855,-2.0017754,0,1
"106080297",30.0902905,-2.001603,0,1
"106080299",30.0937251327096,-2.00154198148699,1,1
"106080332",30.0905082523355,-2.00136039664572,1,1
"106080334",30.09390225,-2.0014682,1,1
"106080343",30.09129865,-2.0020378,0,1
"106080361",30.09150465,-2.00182525,0,1
"106080366",30.0901358,-2.00165555,0,1
"106080379",30.09322015,-2.0012957,1,1
"106080389",30.08974555,-2.00198535,1,1
"125525665",30.2109411579125,-2.00103561289964,1,1
"125525667",30.2114771408719,-2.0017009485441,1,1
"125525670",30.2114004322724,-2.00305953166259,1,1
"125525678",30.210661761427,-2.00329685757782,1,1
"125525687",30.2114062352884,-2.00267113838139,1,1
"125525690",30.2112455782177,-2.00146348954349,1,1
"125764867",30.1913785019149,-2.03235396228964,1,1
"125764872",30.1920062957033,-2.03243835218757,1,1
"125764890",30.191177145989,-2.03252817311239,1,1
"125764891",30.1911364964959,-2.0328386244584,1,1
"125764928",30.1912613432887,-2.03337940633591,1,1
"125764931",30.1910961327395,-2.03314357724272,1,1
"125764937",30.1916818063069,-2.03238621375377,1,1
"129119559",30.1251101241095,-2.03960903945582,1,1
"129119569",30.1244311023442,-2.03963222702438,1,1
"149325334",30.0905252659543,-2.06948204097472,0,1
"149325335",30.0933234719227,-2.06969250687669,0,1
"149325336",30.0902884656244,-2.06839629589424,0,1
"149325337",30.0929432330109,-2.06937513349086,0,1
"149325338",30.0906317,-2.069451,0,1
"149325339",30.09079645,-2.0701906,0,1
"149325340",30.09374165,-2.0688676,0,1
"149325341",30.0939537657835,-2.06923440304458,0,1
"149325342",30.0917127813449,-2.06862095320335,1,1
"149325343",30.0933448,-2.06993275,0,1
"149325344",30.0938783481479,-2.0689154668591,0,1
"149325345",30.0904442960339,-2.0692020326617,0,1
"149325346",30.0935502428225,-2.06999833287187,0,1
"149325347",30.0928115746517,-2.06939005834786,0,1
"149325348",30.0937958,-2.06927495,0,1
"149325349",30.0901883815469,-2.06846438113274,0,1
"149325350",30.09410685,-2.0688986,0,1
"149325351",30.09329445,-2.0700053,0,1
"149325352",30.0916805779853,-2.06889194172129,1,1
"149325353",30.090442014474,-2.06936372593383,0,1
"149325354",30.0933039024295,-2.06897353238544,0,1
"149325355",30.0905087025598,-2.06969286794036,0,1
"149325356",30.09333105,-2.06938775,0,1
"149325357",30.0942290919339,-2.06880390343843,0,1
"149325358",30.0931527086576,-2.0700089610531,0,1
"149325359",30.0932412693456,-2.06895327789545,0,1
"149326010",30.0918295769494,-2.0701008920745,1,1
"149326013",30.0922482,-2.0700015,0,1
"149326015",30.0916826,-2.06960525,0,1
"149326017",30.09237005,-2.07060175,0,1
"149326019",30.09113535,-2.0706848,0,1
"149326021",30.0923818,-2.0706904,0,1
"149326023",30.0916038997473,-2.07041471676555,0,1
"149326028",30.0921965,-2.07021905,0,1
"149326029",30.0894494224023,-2.06663239556087,1,1
"149326031",30.09243065,-2.07108215,0,1
"149326032",30.0917786060405,-2.07130417623758,0,1
"149326033",30.0920269594102,-2.07090082883536,0,1
"149326034",30.09275165,-2.0696553,0,1
"149326035",30.0934059665082,-2.07141229863403,0,1
"149326037",30.0910098165307,-2.07057619929369,0,1
"149326038",30.09210425,-2.07060405,0,1
"149326040",30.0915738756429,-2.0703196647726,0,1
"149326041",30.09297485,-2.0704278,0,1
"149326042",30.093013882993,-2.07120407763302,0,1
"149326045",30.0916352472975,-2.06991183382295,0,1
"149326046",30.09240125,-2.0695299,0,1
"149326047",30.0914218968079,-2.07089396708785,0,1
"149326050",30.09228425,-2.07109655,0,1
"149326052",30.0936551412356,-2.07056728265915,0,1
"149326053",30.091431314086,-2.07020791343291,0,1
"149326054",30.0923504,-2.0697169,0,1
"149326055",30.0919567589406,-2.07136592761471,0,1
"149326056",30.0909401,-2.07055345,0,1
"149326057",30.0913198,-2.070393,0,1
"149326058",30.0914764,-2.07131795,1,1
"149326060",30.0891771753732,-2.06594625345633,1,1
"149326062",30.0913502552215,-2.07014158261056,0,1
"149326063",30.0918569185901,-2.0710868651105,0,1
"149326064",30.092649,-2.07181075,0,1
"149326065",30.0925375945693,-2.06964837199919,0,1
"149326066",30.0911686,-2.0702809,0,1
"149326067",30.0928624,-2.0677685,1,1
"149326070",30.0912657,-2.0707893,0,1
"149326072",30.09174125,-2.0707434,0,1
"149326073",30.0914587678054,-2.07053165183626,0,1
"149326074",30.09324515,-2.07193345,1,1
"149326075",30.0933516743917,-2.0703695062983,0,1
"149326076",30.091839160098,-2.07166622553353,0,1
"149326077",30.0907691,-2.0704215,0,1
"149326079",30.09188605,-2.07055535,0,1
"149326081",30.093088289931,-2.0704887207694,0,1
"149326083",30.092882070549,-2.0716092636751,1,1
"149326084",30.0916453444531,-2.06968956846526,0,1
"149326085",30.0917321936307,-2.07047774901528,0,1
"149326086",30.092860276576,-2.07070574635224,1,1
"149326087",30.0908493274483,-2.07070291518397,0,1
"149326090",30.0917132865689,-2.07096243653825,0,1
"149326091",30.0919955698129,-2.07011419062861,1,1
"149326107",30.0896259731273,-2.07233284733955,1,1
"149326108",30.0903195829447,-2.06993580182012,0,1
"149326109",30.0873382,-2.07212785,0,1
"149326110",30.0893505,-2.0708495,0,1
"149326111",30.0882181110242,-2.07200282779675,0,1
"149326114",30.0902518255538,-2.06978471088441,0,1
"149326115",30.0887875746593,-2.07088444216021,0,1
"149326116",30.0897888206236,-2.06878974139068,0,1
"149326117",30.0901433563978,-2.06952017197923,0,1
"149326118",30.08923555,-2.07085165,0,1
"149326119",30.0895759232471,-2.07024888919336,0,1
"149326122",30.08959895,-2.07151615,0,1
"149326124",30.0898982946619,-2.06971808033218,0,1
"149326125",30.0893593587368,-2.07114842602271,0,1
"149326126",30.08997875,-2.06963885,0,1
"149326127",30.0889696,-2.07113245,0,1
"149326128",30.08784675,-2.07106055,0,1
"149326131",30.0889946,-2.0719666,0,1
"149326132",30.0896752159117,-2.06948660148805,0,1
"149326133",30.0875710798514,-2.07215378299314,0,1
"149326134",30.0887909,-2.0711492,0,1
"149326135",30.0894998263277,-2.07020640780563,0,1
"149326136",30.0884674,-2.07096945,0,1
"149326139",30.0899720902268,-2.06916637172179,0,1
"149326141",30.0900763616039,-2.06958332545752,0,1
"149326142",30.0896979200071,-2.0714712619896,0,1
"149326143",30.0885448085177,-2.07144607631072,0,1
"149326144",30.08767695,-2.0712568,0,1
"149326145",30.0886375742417,-2.07116614320822,0,1
"149326148",30.0889581,-2.07087895,0,1
"149326150",30.0891707728884,-2.07138159531495,0,1
"149326152",30.0879151,-2.0709697,0,1
"149326154",30.0884635,-2.07116985,0,1
"149326156",30.0871316179503,-2.07178121695404,0,1
"149326157",30.0887429,-2.07224465,1,1
"149326161",30.08878055,-2.0714903,0,1
"149326163",30.0896203425821,-2.07008613107427,0,1
"149326165",30.089172207366,-2.07084377537195,0,1
"149326167",30.0883441684469,-2.0719540980348,0,1
"149326168",30.08926825,-2.07028605,0,1
"149326169",30.0884542189259,-2.07108217422005,0,1
"149326174",30.090014210346,-2.07019097910087,0,1
"149326175",30.090503882992,-2.07059669854886,0,1
"149326176",30.0899671279185,-2.06947360874476,0,1
"149326177",30.0894436952213,-2.06996018097427,0,1
"149326178",30.08900325,-2.0713718,0,1
"149326179",30.0880118542519,-2.0708278654874,0,1
"149326183",30.08862005,-2.0707324,0,1
"149326184",30.0894940708598,-2.07043979590006,0,1
"149326185",30.0898440359114,-2.0696061269719,0,1
"149326186",30.0883581213097,-2.07110409504909,0,1
"149326187",30.0872300722476,-2.07173271733244,0,1
"149326188",30.0888057,-2.0706806,0,1
"149326191",30.090015,-2.0709376,0,1
"149326192",30.08796295,-2.07201785,1,1
"149326193",30.09025195,-2.07063605,0,1
"149326194",30.0882232,-2.0710923,0,1
"149326195",30.0897063,-2.06899,0,1
"149326196",30.0901852321901,-2.06977344323713,0,1
"149326200",30.08864285,-2.0708892,0,1
"149326201",30.08758485,-2.07140145,0,1
"149326202",30.0886355753844,-2.07052635525952,0,1
"149326203",30.0901866,-2.0700515,0,1
"149326204",30.0901066059909,-2.07078913181901,0,1
"149326205",30.0894835795417,-2.07139474364217,0,1
"149326208",30.0893927848974,-2.06988729782783,0,1
"149326209",30.0886353,-2.07135275,0,1
"149326210",30.0873273971562,-2.0716475833176,0,1
"149326211",30.0898229838374,-2.07095626857627,0,1
"149326212",30.089327564991,-2.07045688181787,0,1
"149326213",30.0897253333171,-2.07041668334128,0,1
"149326217",30.0877293,-2.0711586,0,1
"149326218",30.0871070342211,-2.07249290356047,0,1
"149326219",30.0881601867549,-2.07060844453445,0,1
"149326220",30.0891849,-2.0711243,0,1
"149326221",30.08775945,-2.07247505,1,1
"149326222",30.0898099206928,-2.06999299446324,0,1
"149326224",30.09006605,-2.0692713,0,1
"149326226",30.08999485,-2.0699393,0,1
"149326227",30.089843,-2.0703851,0,1
"149326228",30.08843405,-2.0707102,0,1
"149326229",30.08712645,-2.07240995,0,1
"149326230",30.0893862246181,-2.07066005731824,0,1
"149326232",30.0874263974209,-2.07200693337794,0,1
"149326234",30.0887105757213,-2.07139967794372,0,1
"149326236",30.0881356,-2.0704804,0,1
"149326237",30.08730625,-2.0722181,0,1
"149326238",30.0888044,-2.0705056,0,1
"149326239",30.08998375,-2.06926795,0,1
"149326242",30.0897109,-2.07062415,0,1
"149326243",30.0899777,-2.0687514,0,1
"149326244",30.0881851825262,-2.07106180127728,0,1
"149326245",30.08721045,-2.07247005,0,1
"149326246",30.0877337130163,-2.07178638473681,0,1
"149326247",30.0896062681959,-2.07121825574604,0,1
"149326253",30.0891036,-2.07083455,0,1
"149326254",30.0900713862374,-2.06900122474441,0,1
"149326255",30.0883549,-2.07184335,0,1
"149326258",30.0899977609316,-2.07058529312317,0,1
"149326259",30.0898519,-2.070196,0,1
"149326260",30.0891246106117,-2.07048197355196,0,1
"149326264",30.0897710500459,-2.07093878327849,0,1
"149326265",30.0876089673118,-2.07189981290284,0,1
"149326267",30.0899416,-2.0706759,0,1
"149326269",30.08849515,-2.0718409,0,1
"149326270",30.087988,-2.0706146,0,1
"149326272",30.09011015,-2.0691044,0,1
"149326277",30.0897968455175,-2.07123401957362,0,1
"149326278",30.0902927,-2.07037225,0,1
"149326279",30.0902123,-2.069589,0,1
"149326281",30.08807825,-2.07270045,0,1
"149326284",30.09006735,-2.069795,0,1
"149326287",30.0898688336563,-2.07096787628832,0,1
"149326288",30.0878531,-2.0719217,0,1
"149326290",30.0901756297284,-2.06938545435391,0,1
"149326291",30.0895421237721,-2.07086189157396,0,1
"149326294",30.0882455418042,-2.07246438020195,1,1
"149326297",30.0885697264414,-2.0711071118295,0,1
"149326298",30.0900373,-2.06909015,0,1
"149326302",30.09014383943,-2.06944781778422,0,1
"149326304",30.0892608730425,-2.07144839253797,0,1
"149326305",30.0889316104726,-2.0726358353338,1,1
"149637645",30.0874732,-2.07150071666667,0,1
"149637647",30.0853910201997,-2.07282881374551,1,1
"149637648",30.08650785,-2.07376265,0,1
"149637649",30.08685205,-2.07240225,0,1
"149637650",30.08456895,-2.07298515,0,1
"149637651",30.0893392,-2.06916755,0,1
"149637652",30.0864495674713,-2.07392475569049,0,1
"149637654",30.0867964,-2.07299465,0,1
"149637655",30.0868527659736,-2.07229819822709,0,1
"149637656",30.0869084561529,-2.0734811828961,0,1
"149637657",30.0863112661913,-2.07222287065167,0,1
"149637658",30.08583505,-2.07253045,0,1
"149637659",30.08795155,-2.07335105,0,1
"149637660",30.0947228427103,-2.07071314264612,0,1
"149637661",30.0861427398809,-2.07241115717111,0,1
"149637662",30.0867675055777,-2.07234818260292,0,1
"149637663",30.0891275,-2.0717311,0,1
"149637664",30.0880820084402,-2.07312366957034,1,1
"149637665",30.08688755,-2.07360495,0,1
"149637667",30.0883746,-2.07334945,0,1
"149637669",30.08914385,-2.07147285,0,1
"149637670",30.09478725,-2.07070345,0,1
"149637673",30.0878038842368,-2.07098153736693,0,1
"149637674",30.0870227673295,-2.07313960616287,1,1
"149639479",30.0926584062628,-2.07564399234245,1,1
"149639480",30.0929444253553,-2.07338216007077,1,1
"149639483",30.0937905742129,-2.07479884651247,0,1
"149639485",30.0879930739805,-2.07601893883274,1,1
"149639486",30.0898961,-2.07431,1,1
"149639488",30.0908688827994,-2.07252018376799,1,1
"149639489",30.0874539,-2.0760191,1,1
"149639490",30.0901949231392,-2.07289634188202,0,1
"149639491",30.0895787205184,-2.07615293697545,0,1
"149639493",30.09001425,-2.07331445,0,1
"149639494",30.0888564,-2.07614395,0,1
"149639497",30.09093225,-2.07446265,0,1
"149639498",30.0910887603024,-2.07413297550762,0,1
"149639499",30.0894188847789,-2.07398243187523,0,1
"149639500",30.0930282659959,-2.07526026833022,0,1
"149639502",30.0897382328878,-2.07513173370988,0,1
"149639504",30.09103695,-2.07464455,0,1
"149639505",30.0874738113989,-2.07585757431578,1,1
"149639507",30.08992255,-2.073937,0,1
"149639508",30.0905552255612,-2.07305119346987,0,1
"149639509",30.0916410805966,-2.07511415976997,0,1
"149639511",30.0907371,-2.0734458,0,1
"149639513",30.0904417,-2.0735209,0,1
"149639514",30.09078775,-2.0730769,0,1
"149639517",30.08654925,-2.07647675,0,1
"149639518",30.09006055,-2.07391465,0,1
"149639519",30.0935636,-2.07489065,0,1
"149639521",30.09016435,-2.07469765,0,1
"149639522",30.0890334,-2.07371675,0,1
"149639523",30.09257215,-2.07513445,0,1
"149639527",30.0904152228779,-2.07303585571291,0,1
"149639529",30.08952285,-2.0761711,0,1
"149639530",30.09101725,-2.07281765,1,1
"149639532",30.0903854070073,-2.07256417566556,0,1
"149639533",30.09081955,-2.07279595,0,1
"149639534",30.0925078045697,-2.0751348252454,0,1
"149639538",30.090121884556,-2.0765609309529,0,1
"149639539",30.09193745,-2.07519865,0,1
"149639542",30.0889814763116,-2.07400005601041,0,1
"149639543",30.0928449140957,-2.07510651920273,0,1
"149639546",30.0906811108616,-2.07276307579346,0,1
"149639547",30.090983545331,-2.0757411776091,0,1
"149639548",30.08997875,-2.07268425,0,1
"149639551",30.0904062832162,-2.0724526164926,0,1
"149639552",30.0901874913042,-2.07656582696039,0,1
"149639554",30.088992,-2.07532675,0,1
"149639557",30.090091,-2.0760236,0,1
"149639558",30.0905316,-2.07280885,0,1
"149639559",30.091087,-2.07573275,0,1
"149639561",30.0906175057726,-2.07256252463664,0,1
"149639562",30.0900317707127,-2.07557919068015,1,1
"149639563",30.09167935,-2.07528455,0,1
"149639565",30.0893856566053,-2.07548047462149,0,1
"149639566",30.0866475790432,-2.07643550633537,0,1
"149639568",30.0891767377102,-2.07278753202358,1,1
"235644070",30.093249568481,-2.00169399805451,0,1
"235644072",30.0928093052434,-2.00224347648414,1,1
"235644074",30.0935813993439,-2.00177464300414,1,1
"235644076",30.0934855162523,-2.00161865033694,1,1
"235645744",30.0500024506875,-2.11270689202875,1,1
"235646741",30.0932410167918,-2.14938111579209,1,1
"262441805",30.09355545,-2.14889795,1,1
"262441808",30.0937728468404,-2.14897085166599,1,1
"262582080",30.04984015,-2.112767,1,1
"262582081",30.05013735,-2.1125016,0,1
"262582082",30.0500344,-2.1124412,0,1
"262582083",30.0874405,-2.14155375,1,1
"262582084",30.0701248,-2.1125924,1,1
"288120805",30.3465413290553,-2.14701071195913,0,1
"288120806",30.3488931,-2.14623065,0,1
"288120807",30.3419646692149,-2.14803765172037,1,1
"288120808",30.3424010190556,-2.14594630482445,1,1
"288120809",30.3465066730592,-2.14702533923827,0,1
"288120810",30.3404513,-2.14294295,0,1
"288120811",30.3481328,-2.14661795,0,1
"288120812",30.3407319,-2.1478926,1,1
"288120813",30.3481484812325,-2.14679828726364,0,1
"288120814",30.3396472853571,-2.14742342881271,0,1
"288120815",30.34040795,-2.1426882,0,1
"288120816",30.3489285381832,-2.14638327383823,0,1
"288120817",30.3442184760189,-2.14652606373459,1,1
"365349978",30.2157593894519,-2.0444630343366,1,1
"373891694",30.1990246192178,-2.19925786666667,1,1
"376952343",30.0957760153753,-2.00145166948983,1,1
"376952344",30.0954188259435,-2.00132338139241,1,1
"376952345",30.09518655,-2.00175335,0,1
"376952346",30.0954668,-2.00143055,1,1
"376952347",30.09536745,-2.0015844,0,1
"376952348",30.09541235,-2.00172875,0,1
"376952349",30.0951797,-2.00158795,1,1
"376952350",30.0950005691825,-2.00159622254977,0,1
"376952351",30.0950761499172,-2.00172019786599,0,1
"376952352",30.0952889937424,-2.00177162936902,0,1
"376952353",30.0955604091056,-2.00162955358435,0,1
"376952354",30.0958846,-2.0016673,1,1
"378032276",30.0959355704397,-2.00055596766727,1,1
"378032277",30.0956022775872,-2.00063038159043,1,1
"378032280",30.0954317241961,-2.00062887574926,1,1
"379358768",30.091988,-2.0037093,0,1
"379358770",30.09188035,-2.003542,0,1
"379358772",30.0920849050801,-2.00380128397578,0,1
"379358773",30.09184105,-2.00369585,0,1
"379358774",30.0916667282545,-2.0035314911656,1,1
"379359563",30.0896359997055,-2.00267160878545,1,1
"379359564",30.0907477441979,-2.00258007111082,1,1
"379359565",30.0906067,-2.00282535,1,1
"383927551",30.3928057907128,-2.22995097849061,1,1
"405520616",30.38058565,-2.03055355,1,1
"405781774",30.3830584674742,-2.03274982852251,1,1
"405781789",30.3833378464232,-2.03262044944826,1,1
"405781906",30.3836765796009,-2.03256402324531,1,1
"405781907",30.3839431949428,-2.03266854917102,1,1
"405781908",30.3841132830005,-2.03292884914675,1,1
"405781909",30.3841324789986,-2.03329720276318,1,1
"405781910",30.3839963481615,-2.03351988773788,1,1
"405781911",30.3843799054059,-2.03361481913168,1,1
"405781912",30.3841196876583,-2.03387381169018,1,1
"405781997",30.3831391655813,-2.0333553878276,1,1
"405781998",30.3831415253484,-2.033426048065,0,1
"405782125",30.3821656842448,-2.03388886482142,1,1
"405782126",30.3823227914903,-2.03411149788305,1,1
"405782127",30.382792771784,-2.03408082934624,1,1
"405782128",30.3830841676192,-2.03384374953536,1,1
"405782129",30.3825261062347,-2.03432038977198,1,1
"405782602",30.3827156529538,-2.03447059267167,1,1
"405782603",30.3823982863945,-2.0345973521109,1,1
"405782604",30.3830828317217,-2.03426416256037,1,1
"405782605",30.3833231439071,-2.03433222572431,1,1
"405782606",30.3828394170603,-2.03487259102157,1,1
"405782607",30.3832703859883,-2.03507415909956,1,1
"405782608",30.3837472423241,-2.03473154577474,1,1
"405782609",30.3841431711714,-2.03464660772794,1,1
"405782610",30.3843440026919,-2.03495442167907,1,1
"405782612",30.3843835144187,-2.03453667787416,1,1
"405782614",30.384728451369,-2.03476003185765,1,1
"405782616",30.3851030870699,-2.03431076090947,1,1
"405782618",30.3840707625694,-2.03427703080941,1,1
"405782719",30.3843874770169,-2.03411175850067,1,1
"405782721",30.3854118777663,-2.03377444714722,1,1
"405782723",30.3851303663652,-2.03367827677454,1,1
"405782725",30.3850282383519,-2.03391049693244,1,1
"405782727",30.3848865516343,-2.03412123718339,1,1
"405782728",30.3848832198238,-2.03328635461262,1,1
"405782729",30.3848267286973,-2.03349980233901,1,1
"414444844",30.0995895716551,-2.02957998826447,1,1
"414444845",30.0992867694215,-2.02994909630275,0,1
"414444846",30.0998731940033,-2.03000217810229,0,1
"414444847",30.1046533320033,-2.02678679004985,1,1
"414444848",30.0995680769045,-2.0292495296222,0,1
"414444849",30.10452915,-2.02661365,1,1
"414444850",30.09935545,-2.02982685,0,1
"414444851",30.0998078213743,-2.02918319827993,1,1
"414444852",30.0967139094702,-2.03869027751143,1,1
"414444853",30.0992402546717,-2.02986947926134,0,1
"414444854",30.1045982086058,-2.02669940994071,1,1
"414444855",30.10445475,-2.02650575,1,1
"414444856",30.0995456,-2.03005545,1,1
"414444857",30.0993445,-2.02934955,0,1
"414444858",30.1000327000128,-2.02959943338875,1,1
"414444859",30.0992988,-2.02977455,0,1
"414444860",30.0972106884587,-2.0386346483593,1,1
"414530683",30.1084891868084,-2.02200203797965,0,1
"414530684",30.1072165687479,-2.02233545369158,0,1
"414530685",30.10796345,-2.02255985,0,1
"414530686",30.1070988073179,-2.02253648377798,0,1
"414530687",30.10796035,-2.0228652,0,1
"414530688",30.10813725,-2.02274255,0,1
"414530689",30.1075758648984,-2.02172596930722,0,1
"414530690",30.10716045,-2.0227888,0,1
"414530691",30.1078009,-2.02274285,0,1
"414530692",30.1083617729791,-2.02249903283456,0,1
"414530693",30.10741145,-2.02184335,0,1
"414530694",30.1075421657762,-2.02265199627392,0,1
"414530695",30.10859555,-2.02185535,1,1
"414530696",30.10751585,-2.02223615,0,1
"414530697",30.1081510591708,-2.02205013496459,0,1
"414530698",30.1081885,-2.02237725,0,1
"414530699",30.10774785,-2.02280875,0,1
"414530700",30.1078434,-2.02211345,1,1
"414530701",30.1074408554564,-2.02247528222925,0,1
"414530702",30.1076357548178,-2.02199728384031,0,1
"414530703",30.1077422453247,-2.02241391608406,0,1
"414530704",30.1071741641146,-2.02242853448849,0,1
"414530705",30.10789645,-2.0226225,0,1
"414530706",30.108094942729,-2.02179081522093,0,1
"414530707",30.1076006,-2.0225976,0,1
"414530708",30.1073124817767,-2.0221453466432,0,1
"414530709",30.1073978664902,-2.02279785472813,1,1
"414530710",30.1071712606747,-2.02250924204779,0,1
"414530711",30.1075272888125,-2.02212416216289,0,1
"414530712",30.10735855,-2.02255735,0,1
"414530713",30.1082944,-2.0225584,0,1
"414530714",30.1071646024902,-2.02288421617031,0,1
"414530715",30.1079789477726,-2.02226051666784,0,1
"414530716",30.1081413,-2.02244575,0,1
"414530717",30.1081732,-2.02186595,0,1
"414530718",30.1085169,-2.02231675,1,1
"414530719",30.1070134815932,-2.02293272355486,0,1
"414530720",30.1079983976092,-2.02185928921463,0,1
"414530721",30.1072993330216,-2.0226832134615,0,1
"414537168",30.0989303065947,-2.03078972400307,1,1
"414537169",30.1063500372151,-2.02961741709339,0,1
"414537170",30.1029800813394,-2.02414844599217,0,1
"414537171",30.10588055,-2.02345175,0,1
"414537172",30.10025005,-2.0301331,0,1
"414537173",30.1043054,-2.022099,0,1
"414537174",30.1023096070802,-2.03000663420623,0,1
"414537175",30.101307,-2.03014065,0,1
"414537176",30.1039476330653,-2.02386769739705,0,1
"414537177",30.1044504938789,-2.02277406892181,0,1
"414537178",30.1062392997142,-2.0308011165397,0,1
"414537179",30.1044715,-2.02393735,0,1
"414537180",30.1041108920428,-2.02594538801372,0,1
"414537181",30.1012527044842,-2.03046543519932,0,1
"414537182",30.1032203,-2.02878865,0,1
"414537183",30.1051374526297,-2.02367188393916,0,1
"414537184",30.0973007,-2.0312788,0,1
"414537185",30.1026125,-2.0277345,0,1
"414537186",30.1077670554261,-2.02854776981505,0,1
"414537187",30.1010777941557,-2.02951023529576,0,1
"414537188",30.1020125,-2.0254751,0,1
"414537189",30.1033755,-2.02028185,0,1
"414537190",30.10042105,-2.02259055,0,1
"414537191",30.1060494551286,-2.02752003420475,0,1
"414537192",30.1037519129658,-2.02609088846761,1,1
"414537193",30.1038694901954,-2.0234143712681,0,1
"414537194",30.1009769332889,-2.0309774524553,0,1
"414537195",30.1011736,-2.0219354,0,1
"414537196",30.1034820943321,-2.03065152123628,0,1
"414537197",30.1033159650964,-2.02837804565044,0,1
"414537198",30.1047907,-2.02329475,0,1
"414537199",30.1079455825899,-2.02749550400973,0,1
"414537200",30.101730817852,-2.02983792777372,0,1
"414537201",30.1018478978196,-2.02896783268326,0,1
"414537202",30.1014237126889,-2.031442291338,0,1
"414537203",30.1017828167317,-2.02302675136312,0,1
"414537204",30.10140345,-2.0284796,0,1
"414537205",30.1105035193079,-2.02773125667474,1,1
"414537206",30.10490255,-2.02692965,0,1
"414537207",30.0985422516763,-2.03403063510563,0,1
"414537208",30.1062742,-2.02139375,0,1
"414537209",30.1006518,-2.0223593,0,1
"414537210",30.10516105,-2.02960305,0,1
"414537211",30.1024870900934,-2.02835391742946,1,1
"414537212",30.10369375,-2.0263823,0,1
"414537213",30.110164398099,-2.02909466617942,0,1
"414537214",30.10287685,-2.0274403,1,1
"414537215",30.1000024,-2.0325929,0,1
"414537216",30.0992314,-2.0309282,0,1
"414537217",30.10349405,-2.0297849,0,1
"414537218",30.1025515369839,-2.02643001523261,0,1
"414537219",30.10309315,-2.0297676,0,1
"414537220",30.09798665,-2.0318083,0,1
"414537221",30.1028862,-2.02587275,0,1
"414537222",30.1053288,-2.02468785,0,1
"414537223",30.1010865329682,-2.02994623391984,0,1
"414537224",30.1032145134611,-2.02935482945911,0,1
"414537225",30.1028241174359,-2.02554194514357,0,1
"414537226",30.10436105,-2.0227264,0,1
"414537227",30.1055145529442,-2.0244617141321,0,1
"414537228",30.1047785491173,-2.02630008330358,0,1
"414537229",30.1044610661224,-2.02380679694107,0,1
"414537230",30.105965,-2.0233095,0,1
"414537231",30.1003809149884,-2.03013919562105,0,1
"414537232",30.10366435,-2.02216165,0,1
"414537233",30.1049272666169,-2.02375605036668,0,1
"414537234",30.1011645067059,-2.02955603746923,0,1
"414537235",30.1026198282679,-2.02416093314659,0,1
"414537236",30.1000150168194,-2.02293154931919,0,1
"414537237",30.106178416592,-2.02736565420884,0,1
"414537238",30.1037994708882,-2.02341200620818,0,1
"414537239",30.1035321965188,-2.02658996564935,0,1
"414537240",30.1005819883002,-2.03033092488281,0,1
"414537241",30.1048774255261,-2.02154795732409,0,1
"414537242",30.1047014512573,-2.02349033345997,0,1
"414537243",30.10458195,-2.023929,0,1
"414537244",30.10196215,-2.02907955,0,1
"414537245",30.1014044975407,-2.0304404651895,0,1
"414537246",30.1041324954475,-2.0272356859135,0,1
"414537247",30.10534165,-2.0267724,0,1
"414537248",30.10248245,-2.02775785,0,1
"414537249",30.1053222712994,-2.02098045554178,0,1
"414537250",30.1034404,-2.02035895,0,1
"414537251",30.1053628,-2.0294062,0,1
"414537252",30.1048683,-2.02466955,0,1
"414537253",30.1023241,-2.02839685,0,1
"414537254",30.10380615,-2.02626555,0,1
"414537255",30.1019816,-2.03072635,0,1
"414537256",30.10338565,-2.02830595,0,1
"414537257",30.1045818166707,-2.02334709973248,0,1
"414537258",30.1026999,-2.0275761,0,1
"414537259",30.108100368555,-2.02738994146392,0,1
"414537260",30.1017725,-2.02976855,0,1
"414537261",30.10646365,-2.02969215,0,1
"414537262",30.1025765995018,-2.02418866659003,0,1
"414537263",30.1025756675717,-2.02164938988965,0,1
"414537264",30.1024579407245,-2.02385148307537,0,1
"414537265",30.1036013,-2.02976125,0,1
"414537266",30.1048231634886,-2.02698620943022,0,1
"414537267",30.10220245,-2.02982175,0,1
"414537268",30.1028973684644,-2.02989226348301,0,1
"414537269",30.0981906176013,-2.03110774775095,0,1
"414537270",30.1004664,-2.029613,0,1
"414537271",30.10875545,-2.0267934,1,1
"414537272",30.10365625,-2.0273007,0,1
"414537273",30.1026646904889,-2.02813650951111,0,1
"414537274",30.10210915,-2.02609165,0,1
"414537275",30.1098551,-2.02928095,0,1
"414537276",30.1061236,-2.03085855,0,1
"414537277",30.1042080662344,-2.02586570410637,0,1
"414537278",30.1033091,-2.02948885,0,1
"414537279",30.103658308774,-2.03002477394449,0,1
"414537280",30.097063645905,-2.02980622049409,0,1
"414537281",30.1028461,-2.0256359,0,1
"414537282",30.1048169872789,-2.02643685885532,0,1
"414537283",30.1044313165803,-2.02540685033905,0,1
"414537284",30.1000342178015,-2.03022929396671,0,1
"414537285",30.1035377431003,-2.03047327134205,0,1
"414537286",30.10414335,-2.0223496,0,1
"414537287",30.1031381,-2.0293555,0,1
"414537288",30.10457535,-2.02527685,0,1
"414537289",30.1015677789899,-2.02865578493778,0,1
"414537290",30.10062175,-2.03057665,0,1
"414537291",30.10562225,-2.0244574,0,1
"414537292",30.1042786,-2.0217769,0,1
"414537293",30.1043711335407,-2.02401139884452,0,1
"414537294",30.1014231838619,-2.03063330340192,0,1
"414537295",30.1018092,-2.02932235,0,1
"414537296",30.1033694195749,-2.02904185748396,0,1
"414537297",30.1046275160287,-2.02765463444217,0,1
"414537298",30.1016656483889,-2.02487886730986,1,1
"414537299",30.1057281022638,-2.02404498193102,0,1
"414537300",30.0992668104181,-2.0310132320121,0,1
"414537301",30.1034601241345,-2.0202029439005,0,1
"414537302",30.1048412,-2.0242088,0,1
"414537303",30.1018141149282,-2.03056874473389,0,1
"414537304",30.1034722,-2.02664075,0,1
"414537305",30.1005602194976,-2.03024024604969,0,1
"414537306",30.1048594,-2.02171195,0,1
"414537307",30.1042919528242,-2.02696823390136,0,1
"414537308",30.10472795,-2.0233859,0,1
"414537309",30.1079619020608,-2.02785011756124,0,1
"414537310",30.1016588864713,-2.02982878257477,0,1
"414537311",30.10720305,-2.0296042,0,1
"414537312",30.1026611,-2.02453615,1,1
"414537313",30.1018046,-2.02292215,0,1
"414537314",30.1051764,-2.0268111,0,1
"414537315",30.1020402338869,-2.02968105416331,0,1
"414537316",30.10634465,-2.02153525,0,1
"414537317",30.10287225,-2.0262308,0,1
"414537318",30.1010192593603,-2.02997878653053,0,1
"414537319",30.1006156,-2.02241075,0,1
"414537320",30.1023817167204,-2.02853524986799,0,1
"414537321",30.1019989329732,-2.03044459870411,0,1
"414537322",30.1102499628052,-2.02904523719485,0,1
"414537323",30.1050297465963,-2.02744568192787,0,1
"414537324",30.1029336019201,-2.02735971441782,0,1
"414537325",30.1042026414559,-2.02578308512988,0,1
"414537326",30.10252175,-2.02158435,0,1
"414537327",30.1034968,-2.02968345,0,1
"414537328",30.1033071038723,-2.02884418068723,0,1
"414537329",30.1050334163733,-2.02387579494258,0,1
"414537330",30.0971769,-2.02950765,0,1
"414537331",30.1075334,-2.02749985,0,1
"414537332",30.1012048,-2.02950315,0,1
"414537333",30.0979766338919,-2.03150619769536,0,1
"414537334",30.0998153829272,-2.02282445252611,0,1
"414537335",30.10101685,-2.02916705,0,1
"414537336",30.1089809021301,-2.02701476724025,1,1
"414537337",30.1035071323905,-2.02748307146901,1,1
"414537338",30.1054158123252,-2.02791111369532,1,1
"414537339",30.1012162043477,-2.03086723481424,0,1
"414537340",30.1013741178295,-2.02179599744642,0,1
"414537341",30.1033634077597,-2.03036067865362,0,1
"414537342",30.1020341,-2.0291339,0,1
"414537343",30.10328225,-2.02936755,0,1
"414537344",30.1001856981678,-2.03113278153458,0,1
"414537345",30.1019817,-2.02836965,0,1
"414537346",30.1095592025435,-2.02733008284473,0,1
"414537347",30.10288925,-2.0255943,0,1
"414537348",30.105442227704,-2.02444310841666,0,1
"414537349",30.105275517932,-2.02931324319531,0,1
"414537350",30.1031320543035,-2.02915513057791,0,1
"414537351",30.1038746941013,-2.02542126600845,0,1
"414537352",30.1007374,-2.032989,0,1
"414537353",30.0990335175988,-2.03101996293811,0,1
"414537354",30.1048781665254,-2.02527434444021,0,1
"414537355",30.1030977829665,-2.02664760352076,0,1
"414537356",30.10361555,-2.0265187,0,1
"414537357",30.1007367,-2.03046075,0,1
"414537358",30.103040199833,-2.02992576686032,0,1
"414537359",30.1040020749155,-2.02159488903958,0,1
"414537360",30.1017396855282,-2.02939223791438,0,1
"414537361",30.1050428,-2.02498365,0,1
"414537362",30.102167598139,-2.02803098346749,0,1
"414537363",30.1008729400389,-2.0298176665414,0,1
"414537364",30.1056653683298,-2.02396865851653,0,1
"414537365",30.10493205,-2.02434485,0,1
"414537366",30.1021141,-2.0308512,0,1
"414537367",30.1034545474973,-2.02322246857442,0,1
"414537368",30.10493395,-2.0264965,0,1
"414537369",30.10433155,-2.0268379,0,1
"414537370",30.10705935,-2.02952585,0,1
"414537371",30.1061083194518,-2.02356065684589,0,1
"414537372",30.1000678,-2.03032275,0,1
"414537373",30.1025824316406,-2.02172130170099,0,1
"414537374",30.1041722767388,-2.0224458923357,0,1
"414537375",30.1052724,-2.0236981,1,1
"414537376",30.1074031413935,-2.02745748199627,0,1
"414537377",30.1013020331131,-2.02969620298165,0,1
"414537378",30.1022767,-2.029729,0,1
"414537379",30.1086355,-2.0267477,0,1
"414537380",30.1037315,-2.0273556,0,1
"414537381",30.1054640887973,-2.02820539322609,0,1
"414537382",30.1038590383334,-2.02385244556645,0,1
"414537383",30.1018343531998,-2.02171876920285,0,1
"414537384",30.1059806,-2.03087945,1,1
"414537385",30.10218505,-2.02928615,0,1
"414537386",30.1041033348279,-2.02576616310564,0,1
"414537387",30.10160985,-2.0308088,0,1
"414537388",30.1034291,-2.0288663,0,1
"414537389",30.10937415,-2.027388,0,1
"414537390",30.1047609,-2.0277462,0,1
"414537391",30.0971145823668,-2.02947181472195,0,1
"414537392",30.1023595277967,-2.02795903119805,0,1
"414537393",30.1071737322742,-2.02853680109992,0,1
"414537394",30.09956305,-2.0329163,0,1
"414537395",30.1055552020331,-2.02920751766305,0,1
"414537396",30.10390813392,-2.02617529740194,0,1
"414537397",30.10111575,-2.0308993,0,1
"414537398",30.1011766,-2.02200135,0,1
"414537399",30.1035867,-2.0303024,0,1
"414537400",30.1039787,-2.0283872,0,1
"414537401",30.0984973307592,-2.02929295253971,1,1
"414537402",30.1079281009707,-2.02799306681048,0,1
"414537403",30.1016460053862,-2.02974060611974,0,1
"414537404",30.1000614205247,-2.03081714311612,0,1
"414537405",30.1020965,-2.02259315,0,1
"414537406",30.1046320651707,-2.0253469291467,0,1
"414537407",30.1016367666203,-2.02859639731615,0,1
"414537408",30.11003695,-2.0274991,0,1
"414537409",30.0982039681103,-2.03258328934524,1,1
"414537410",30.101535894034,-2.03160671357093,0,1
"414537411",30.1007492484656,-2.02231591780679,0,1
"414537412",30.10310725,-2.0299894,0,1
"414537413",30.1045342,-2.0248842,0,1
"414537414",30.103179,-2.02898155,0,1
"414537415",30.10677475,-2.0234698,0,1
"414537416",30.10205235,-2.0282512,0,1
"414537417",30.1101878962667,-2.02899526630882,0,1
"414537418",30.1039218,-2.02466625,0,1
"414537419",30.0994419017269,-2.03505051726997,0,1
"414537420",30.1007527814455,-2.03289646253735,0,1
"414537421",30.1057768,-2.02419765,0,1
"414537422",30.09907055,-2.0311096,0,1
"414537423",30.1027273833363,-2.02643129991947,0,1
"414537424",30.1050392511013,-2.02663338324351,0,1
"414537425",30.0995830782266,-2.03234187359339,0,1
"414537426",30.106023,-2.0237135,0,1
"414537427",30.09989195,-2.03041875,0,1
"414537428",30.1049851929937,-2.02492358436513,0,1
"414537429",30.1040644246394,-2.02229289565368,0,1
"414537430",30.1031743333545,-2.02609770024011,0,1
"414537431",30.10092975,-2.0297623,0,1
"414537432",30.10353265,-2.02315375,0,1
"414537433",30.10560545,-2.0245777,0,1
"414537434",30.10434185,-2.02366065,0,1
"414537435",30.10153095,-2.03086685,0,1
"414537436",30.1059473,-2.0235575,0,1
"414537437",30.1032601,-2.029007,0,1
"414537438",30.1052474667692,-2.02384244875324,0,1
"414537439",30.1074157939525,-2.0275485310763,0,1
"414537440",30.10124335,-2.0296165,0,1
"414537441",30.10405045,-2.0231057,0,1
"414537442",30.09972655,-2.0228387,0,1
"414537443",30.1054992560052,-2.02804231561004,1,1
"414537444",30.1038729331084,-2.02394354645775,0,1
"414537445",30.1035869,-2.02640595,0,1
"414537446",30.1010677,-2.03063015,0,1
"414537447",30.10176925,-2.02180085,0,1
"414537448",30.1048087836073,-2.02350670509431,0,1
"414537449",30.1085981499139,-2.0285593832971,0,1
"414537450",30.10155135,-2.02952285,0,1
"414537451",30.1020917062413,-2.02898856459046,0,1
"414537452",30.0987586,-2.03146695,0,1
"414537453",30.1012899650858,-2.0235551763607,0,1
"414537454",30.10941085,-2.02723955,0,1
"414537455",30.1059888440986,-2.02696838543434,0,1
"414537456",30.10229335,-2.0278933,0,1
"414537457",30.1072573240981,-2.01770099345839,0,1
"414537458",30.1018975832302,-2.03153854950911,0,1
"414537459",30.1007219,-2.0222211,0,1
"414537460",30.1043294668291,-2.02508315324481,0,1
"414537461",30.1054812655884,-2.02929772920544,0,1
"414537462",30.1024896,-2.0289047,1,1
"414537463",30.1038529331663,-2.02622190735984,0,1
"414537464",30.1037996,-2.02826315,0,1
"414537465",30.11038395,-2.0285715,0,1
"414537466",30.1025828006222,-2.02750266660196,0,1
"414537467",30.0988986,-2.0347832,0,1
"414537468",30.10089605,-2.0326989,0,1
"414537469",30.10280095,-2.02110635,1,1
"414537470",30.10438715,-2.029752,0,1
"414537471",30.1032987520082,-2.02644758305395,0,1
"414537472",30.101404754505,-2.03152666582561,0,1
"414537473",30.10313275,-2.0299298,0,1
"414537474",30.0975944322768,-2.03141305730865,1,1
"414537475",30.1004248,-2.02932985,0,1
"414537476",30.1037244,-2.02749255,0,1
"414537477",30.1086494542598,-2.02689213218074,0,1
"414537478",30.1050821831671,-2.02510500094096,0,1
"414537479",30.10189865,-2.0279112,0,1
"414537480",30.10302745,-2.02947745,0,1
"414537481",30.10269985,-2.0256059,0,1
"414537482",30.1052337290093,-2.02496457936713,0,1
"414537483",30.1049798939998,-2.02655713537212,0,1
"414537484",30.10658695,-2.0301083,0,1
"414537485",30.0996356911474,-2.03219742207946,0,1
"414537486",30.1062646,-2.0234862,0,1
"414537487",30.09984875,-2.03033265,0,1
"414537488",30.1038867,-2.02241815,0,1
"414537489",30.1065538719751,-2.02475553741167,1,1
"414537490",30.1037375505686,-2.02405278305027,0,1
"414537491",30.103371,-2.02654785,0,1
"414537492",30.1007523668377,-2.03065755352121,0,1
"414537493",30.1041657,-2.021907,0,1
"414537494",30.1042592796605,-2.02387363424518,0,1
"414537495",30.1019061333099,-2.03078434957196,0,1
"414537496",30.1016893241834,-2.02923598342438,0,1
"414537497",30.1022099,-2.02810925,0,1
"414537498",30.1041757,-2.02310005,0,1
"414537499",30.1056565,-2.02418585,0,1
"414537500",30.1046979,-2.02408035,0,1
"414537501",30.1039663438139,-2.02611891423092,0,1
"414537502",30.1016534838222,-2.03043450228482,0,1
"414537503",30.1039367334179,-2.02848650017839,0,1
"414537504",30.1041490909954,-2.02701048598211,0,1
"414537505",30.1025234181639,-2.02754516881234,0,1
"414537506",30.1083860982799,-2.02834836601209,0,1
"414537507",30.1017139,-2.02968835,0,1
"414537508",30.1075645,-2.0297318,0,1
"414537509",30.1028150662406,-2.02517500453901,0,1
"414537510",30.10273285,-2.02091485,0,1
"414537511",30.1012701,-2.0234223,0,1
"414537512",30.1057122,-2.02716495,0,1
"414537513",30.1018863841893,-2.02952476956962,0,1
"414537514",30.1053955443721,-2.02100067753442,0,1
"414537515",30.1032312811611,-2.0259641237367,0,1
"414537516",30.1017164839677,-2.03142645249688,0,1
"414537517",30.10078185,-2.02224705,0,1
"414537518",30.0979731676675,-2.03126804203383,0,1
"414537519",30.10424225,-2.0251086,0,1
"414537520",30.10813055,-2.02673755,0,1
"414537521",30.1022847,-2.0283208,0,1
"414537522",30.10671005,-2.02345815,0,1
"414537523",30.1099907920608,-2.0287699668566,0,1
"414537524",30.10478835,-2.0274512,0,1
"414537525",30.10287575,-2.0275761,0,1
"414537526",30.0991916679474,-2.03457514474671,0,1
"414537527",30.1043287462976,-2.02565880047544,0,1
"414537528",30.10430805,-2.02979735,0,1
"414537529",30.1014052,-2.0275803,0,1
"414537530",30.10345795,-2.02653425,0,1
"414537531",30.0980489823085,-2.03113830213883,0,1
"414537532",30.1081959814823,-2.02940134454798,0,1
"414537533",30.10035855,-2.02942455,0,1
"414537534",30.0996533,-2.0323219,0,1
"414537535",30.1006900358894,-2.03074380889333,0,1
"414537536",30.10344855,-2.03000215,0,1
"414537537",30.1031675976757,-2.02950091867422,0,1
"414537538",30.0985958765706,-2.03165111133084,0,1
"414537539",30.1010455968802,-2.02822731664061,0,1
"414537540",30.1053661338643,-2.02488465398469,0,1
"414537541",30.10409575,-2.02459145,0,1
"414537542",30.1015770650358,-2.02922164278945,0,1
"414537543",30.1031997684326,-2.02918261360142,0,1
"414537544",30.1032044657354,-2.02519510332212,0,1
"414537545",30.1005498023553,-2.03323826823471,0,1
"414537546",30.10385025,-2.0231865,0,1
"414537547",30.10572715,-2.02428795,0,1
"414537548",30.09868885,-2.03086695,0,1
"414537549",30.103253893985,-2.02674491437956,0,1
"414537550",30.1033790114463,-2.02645088717522,0,1
"414537551",30.10066735,-2.0305112,0,1
"414537552",30.1041249283902,-2.02179246668884,0,1
"414537553",30.10481181712,-2.02362118241723,0,1
"414537554",30.1017798483725,-2.02920953387513,0,1
"414537555",30.1025623,-2.02544445,0,1
"414537556",30.1059746032894,-2.02710461828366,0,1
"414537557",30.1074507,-2.01771635,0,1
"414537558",30.10322315,-2.02634655,0,1
"414537559",30.1005930831958,-2.03001607245332,0,1
"414537560",30.1047875982068,-2.02428701661168,0,1
"414537561",30.10213265,-2.0286679,0,1
"414537562",30.1017267072918,-2.03062048478462,0,1
"414537563",30.1044861335727,-2.02700577361715,0,1
"414537564",30.1024798673477,-2.02748205630536,0,1
"414537565",30.1071765043897,-2.02972446707273,0,1
"414537566",30.1041824,-2.02570505,0,1
"414537567",30.103109,-2.0249885,1,1
"414537568",30.102688075586,-2.02099171009429,0,1
"414537569",30.1044189,-2.03022445,0,1
"414537570",30.1051582667775,-2.02405609944303,0,1
"414537571",30.10357745,-2.026151,0,1
"414537572",30.1017978,-2.03029415,0,1
"414537573",30.1020926669644,-2.02960460190021,0,1
"414537574",30.0978174554291,-2.03124511893497,0,1
"414537575",30.1031004940934,-2.02722976520503,0,1
"414537576",30.10852715,-2.02672135,0,1
"414537577",30.1057115124597,-2.02822406577887,0,1
"414537578",30.1039688,-2.0237138,0,1
"414537579",30.102020779104,-2.02204050592254,0,1
"414537580",30.1049308420444,-2.02758113133606,0,1
"414537581",30.10224405,-2.0295024,0,1
"414537582",30.10431095,-2.0257523,0,1
"414537583",30.1030268,-2.0295525,0,1
"414537584",30.0982184541668,-2.03158251947328,0,1
"414537585",30.1094161643576,-2.02782333850347,0,1
"414537586",30.101338116644,-2.02760564995771,0,1
"414537587",30.1027628848836,-2.0256686042335,0,1
"414537588",30.0997896532664,-2.03301296809656,0,1
"414537589",30.1081078995114,-2.02938016699311,0,1
"414537590",30.10551155,-2.02902985,0,1
"414537591",30.1040303333407,-2.02607499992531,0,1
"414537592",30.1034164086306,-2.03019247868179,0,1
"414537593",30.103523766795,-2.02857665113538,0,1
"414537594",30.0987094938095,-2.03028318224054,0,1
"414537595",30.1031598140835,-2.02546097751829,0,1
"414537596",30.1013366536962,-2.03242983369243,1,1
"414537597",30.1044898744989,-2.02544855490617,0,1
"414537598",30.1010970336731,-2.02810875179819,0,1
"414537599",30.1003622585187,-2.0305055775839,0,1
"414537600",30.1030547,-2.0301382,0,1
"414537601",30.1034346544148,-2.02181701983787,0,1
"414537602",30.1016382,-2.02930045,0,1
"414537603",30.10315085,-2.02906265,0,1
"414537604",30.1049363832325,-2.02522115097082,0,1
"414537605",30.1018073972099,-2.02847996621247,0,1
"414537606",30.1036477,-2.0254104,0,1
"414537607",30.1056929160452,-2.0242252798659,1,1
"414537608",30.1047464143107,-2.02417780788011,0,1
"414537609",30.1015862923991,-2.03049111391462,0,1
"414537610",30.10407345,-2.0269482,0,1
"414537611",30.1066531170213,-2.03021566487002,0,1
"414537612",30.0995332,-2.032261,0,1
"414537613",30.1027341,-2.0250951,0,1
"414537614",30.1058022,-2.02365545,0,1
"414537615",30.0999522180677,-2.03065919733675,0,1
"414537616",30.1021188839409,-2.02623397962734,0,1
"414537617",30.1052757025718,-2.024188666758,0,1
"414537618",30.1019453183497,-2.02945456176707,0,1
"414537619",30.10296105,-2.02593965,0,1
"414537620",30.1006389017869,-2.02993051780826,0,1
"414537621",30.1063866174878,-2.02826300541432,0,1
"414537622",30.1030831721839,-2.02383448273364,0,1
"414537623",30.1048092,-2.02712455,1,1
"414537624",30.1023837,-2.0298335,0,1
"414537625",30.1042536,-2.02568095,0,1
"414537626",30.1011989,-2.0305397,0,1
"414537627",30.1053356831635,-2.02396575130828,0,1
"414537628",30.1010588502808,-2.02749111658904,1,1
"414537629",30.1072077069897,-2.02744471845059,0,1
"414537630",30.1012401,-2.0297733,0,1
"414537631",30.10387495,-2.023105,0,1
"414537632",30.1052837,-2.0286252,0,1
"414537633",30.10317155,-2.02730985,0,1
"414537634",30.1054355143558,-2.02831392908036,0,1
"414537635",30.1039996299379,-2.02593331844886,0,1
"414537636",30.1020199,-2.021965,0,1
"414537637",30.1034388,-2.0303916,0,1
"414537638",30.1037002660873,-2.02913887778724,0,1
"414537639",30.1049076836578,-2.02341139766177,0,1
"414537640",30.0975932174852,-2.03070715188417,0,1
"414537641",30.10868335,-2.02868365,0,1
"414537642",30.1014391908681,-2.02992963408963,0,1
"414537643",30.1020988667456,-2.02934484712941,0,1
"414537644",30.0983896,-2.03126345,1,1
"414537645",30.1009336564911,-2.0227557650729,0,1
"414537646",30.10098645,-2.0282093,0,1
"414537647",30.1091184678932,-2.02741404480345,0,1
"414537648",30.10591385,-2.02717335,0,1
"414537649",30.0997637303006,-2.03278606530325,0,1
"414537650",30.10757515,-2.0175935,0,1
"414537651",30.1013685833868,-2.03103920355602,0,1
"414537652",30.100943,-2.02207625,0,1
"414537653",30.1028052717176,-2.03022510876719,0,1
"414537654",30.1043897388628,-2.02703843808154,0,1
"414537655",30.105463644727,-2.02909516355206,0,1
"414537656",30.102211001262,-2.02874231749704,0,1
"414537657",30.1032541019357,-2.02918663156054,1,1
"414537658",30.1019316,-2.03120795,0,1
"414537659",30.1071767614574,-2.02397492322249,1,1
"414537660",30.10153345,-2.0283208,0,1
"414537661",30.1098780826014,-2.02796639526692,1,1
"414537662",30.0987482839527,-2.03014675839109,0,1
"414537663",30.1032193918246,-2.02540996316293,0,1
"414537664",30.0985896973566,-2.03446578094687,0,1
"414537665",30.1012919968609,-2.03259438395624,0,1
"414537666",30.1048173289038,-2.03061925614167,0,1
"414537667",30.1032996452138,-2.02683748397478,0,1
"414537668",30.1036793165888,-2.02625085664801,0,1
"414537669",30.1029817819377,-2.03011033031542,0,1
"414537670",30.1004006868367,-2.03214907641264,0,1
"414537671",30.0995531,-2.03067045,1,1
"414537672",30.1049621554089,-2.02512476520552,0,1
"414537673",30.1018507,-2.028394,0,1
"414537674",30.10614345,-2.0227448,0,1
"414537675",30.1021217683074,-2.026689852959,0,1
"414537676",30.1006856041957,-2.03003683134306,0,1
"414537677",30.1031381,-2.0296309,0,1
"414537678",30.102846616037,-2.02575039613107,0,1
"414537679",30.1051096983093,-2.02482001633704,0,1
"414537680",30.1050567,-2.02649105,0,1
"414537681",30.10123305,-2.0301918,0,1
"414537682",30.1058993662521,-2.0237046719562,0,1
"414537683",30.0999265294576,-2.03056726530064,0,1
"414537684",30.10476075,-2.0219603,0,1
"414537685",30.1052900527495,-2.02408218463887,0,1
"414537686",30.1018574,-2.03021205,0,1
"414537687",30.104192796671,-2.02300082687465,0,1
"414537688",30.1055763736997,-2.02551696155062,1,1
"414537689",30.1059680671314,-2.02793329938764,1,1
"414537690",30.1039936,-2.0237795,0,1
"414537691",30.1061649041342,-2.02340313074247,0,1
"414537692",30.10034515,-2.0304102,0,1
"414537693",30.10210505,-2.02187225,0,1
"414537694",30.10365105,-2.02205485,0,1
"414537695",30.1050170839241,-2.02355433530561,0,1
"414537696",30.1013228837413,-2.02942100228096,0,1
"414537697",30.1023157,-2.0294656,0,1
"414537698",30.1013768655534,-2.03071549452413,0,1
"414537699",30.1004821832949,-2.02252545035671,0,1
"414537700",30.1094629588214,-2.02780430061021,0,1
"414537701",30.10590715,-2.02739065,0,1
"414537702",30.0994232478358,-2.03323663315068,0,1
"414537703",30.10461965,-2.0232723,0,1
"414537704",30.1055562121855,-2.02905351415827,0,1
"414537705",30.10461345,-2.0242075,0,1
"414537706",30.1019836828325,-2.02881040210155,1,1
"414537707",30.1040725709323,-2.02600133239063,0,1
"414537708",30.103713033488,-2.02878375103539,0,1
"414537709",30.10397965,-2.02707685,0,1
"414537710",30.0985916,-2.03052505,0,1
"414537711",30.1027081857039,-2.02769481047783,0,1
"414537712",30.1086497,-2.02851945,0,1
"414537713",30.1014835977179,-2.02985556691784,0,1
"414537714",30.10340565,-2.0211975,0,1
"414537715",30.1013637527552,-2.02349736662548,0,1
"414537716",30.1050879,-2.02961965,0,1
"414537717",30.10156905,-2.03126875,0,1
"414537718",30.1006270836677,-2.02221872805503,0,1
"414537719",30.102861,-2.03004725,0,1
"414537720",30.100029,-2.033779,0,1
"414537721",30.1043901,-2.02690875,0,1
"414537722",30.1083062,-2.02736345,0,1
"414537723",30.1020101380794,-2.03006760949213,0,1
"414537724",30.1017483882849,-2.0310767382638,0,1
"414537725",30.1070836306433,-2.0240676077857,0,1
"414537726",30.102580983244,-2.02347370588227,0,1
"414537727",30.1049209,-2.02508025,0,1
"414537728",30.10164265,-2.0282829,0,1
"414537729",30.1062777760646,-2.02290675979632,1,1
"414537730",30.1101143,-2.0284846,0,1
"414537731",30.104953125173,-2.0271500168145,0,1
"414537732",30.099122814574,-2.03520557646701,0,1
"414537733",30.1031655775834,-2.0297930585208,0,1
"414537734",30.1010404683566,-2.02721656990677,0,1
"414537735",30.1048240824846,-2.02667940639192,0,1
"414537736",30.1083978793595,-2.02953040378791,0,1
"414537737",30.1000262683682,-2.03204254392565,0,1
"414537738",30.1057384183804,-2.0238154035657,0,1
"414537739",30.1001568,-2.03057455,0,1
"414537740",30.1034713672296,-2.0304558145144,0,1
"414537741",30.10213195,-2.0263645,0,1
"414537742",30.10470085,-2.02633,0,1
"414537743",30.104450383455,-2.02557362649985,0,1
"414537744",30.1012555,-2.0286308,0,1
"414537745",30.1003044081371,-2.03022541944758,0,1
"414537746",30.1051478667974,-2.02487804949453,0,1
"414537747",30.10373195,-2.0221367,0,1
"414537748",30.1010799166739,-2.03040065025486,0,1
"414537749",30.1016238836188,-2.02915015412178,0,1
"414537750",30.10332785,-2.02920535,0,1
"414537751",30.1040715077853,-2.02302342447134,0,1
"414537752",30.1055231,-2.0242836,0,1
"414537753",30.09888035,-2.0310548,1,1
"414537754",30.1064926,-2.0249295,1,1
"414537755",30.103288176018,-2.027018967467,0,1
"414537756",30.1045513415447,-2.0241033635856,0,1
"414537757",30.10139545,-2.0303529,0,1
"414537758",30.1062753,-2.02333845,0,1
"414537759",30.1040927545893,-2.02719550326926,0,1
"414537760",30.1087455,-2.0286476,0,1
"414537761",30.10139545,-2.02937075,0,1
"414537762",30.1024822940918,-2.02558283342508,0,1
"414537763",30.1033587727404,-2.02065926389958,0,1
"414537764",30.1007901657079,-2.02275469446611,0,1
"414537765",30.10588117337,-2.02725976562302,0,1
"414537766",30.1042434177578,-2.02325070896074,0,1
"414537767",30.10325025,-2.0264953,0,1
"414537768",30.1007879427103,-2.03025273021994,0,1
"414537769",30.1012908329759,-2.03110755196394,0,1
"414537770",30.10109355,-2.0221153,0,1
"414537771",30.1042222256866,-2.02010630728486,0,1
"414537772",30.1054621816001,-2.02347914338528,0,1
"414537773",30.108168956033,-2.02737756955101,0,1
"414537774",30.1018159,-2.02989305,0,1
"414537775",30.1021952681596,-2.02882604750252,0,1
"414537776",30.1024959362021,-2.02377726195339,0,1
"414537777",30.1099359,-2.02769295,0,1
"414537778",30.1049088292136,-2.0270972810689,0,1
"414537779",30.10259235,-2.0276294,0,1
"414537780",30.098827342575,-2.03420817513984,0,1
"414537781",30.10427115,-2.0258151,0,1
"414537782",30.1029023772279,-2.02086810460065,0,1
"414537783",30.10514765,-2.0300167,1,1
"414537784",30.10275295,-2.02820505,0,1
"414537785",30.10365865,-2.02641995,0,1
"414537786",30.1019465,-2.03027405,0,1
"414537787",30.0979459184039,-2.03118964564415,0,1
"414537788",30.1093898,-2.028781,1,1
"414537789",30.10297785,-2.027533,0,1
"414537790",30.1079452666667,-2.02685786193353,0,1
"414537791",30.1019384646849,-2.0219988575214,0,1
"414537792",30.1036437776776,-2.0302083052578,0,1
"414537793",30.10612805,-2.02288225,0,1
"414537794",30.1032138815727,-2.02964563636295,0,1
"414537795",30.0981046467446,-2.03163693078477,0,1
"414537796",30.1043927034268,-2.02531576681133,0,1
"414537797",30.1013544491598,-2.02885988309728,0,1
"414537798",30.104132616171,-2.02804634279338,0,1
"414537799",30.1092056676602,-2.02795506628938,0,1
"414537800",30.1024034043079,-2.02586851580952,1,1
"414537801",30.0997890674856,-2.03335584298682,1,1
"414537802",30.1051549,-2.02477885,0,1
"414537803",30.1084302,-2.0296203,0,1
"414537804",30.1030690369484,-2.02931057421392,0,1
"414537805",30.1029890276097,-2.02543363306964,0,1
"414537806",30.1056190494953,-2.02434568372375,0,1
"414537807",30.1046707507549,-2.02620166673906,0,1
"414537808",30.10453495,-2.0255776,0,1
"414537809",30.1031984333333,-2.02715304859385,0,1
"414537810",30.1061143,-2.0233113,0,1
"414537811",30.1004058,-2.03034935,0,1
"414537812",30.1037241215583,-2.02205584337435,0,1
"414537813",30.101484313442,-2.02917023251654,0,1
"414537814",30.10485025,-2.02502835,0,1
"414537815",30.10049545,-2.03013655,0,1
"414537816",30.1056023047969,-2.02412592994425,0,1
"414537817",30.1046936569759,-2.02136007554821,0,1
"414537818",30.10446765,-2.0241442,0,1
"414537819",30.1014780039639,-2.03030268434628,0,1
"414537820",30.10402225,-2.0271516,0,1
"414537821",30.1025869065237,-2.02781486441942,0,1
"414537822",30.1025402023551,-2.02552398408375,0,1
"414537823",30.1059317178846,-2.02388470693397,0,1
"414537824",30.10343905,-2.02132265,0,1
"414537825",30.10505475,-2.02449435,0,1
"414537826",30.102054,-2.03035865,1,1
"414537827",30.1031314670034,-2.02649824687989,0,1
"414537828",30.1033119159998,-2.02794714717857,0,1
"414537829",30.10553555,-2.02332765,0,1
"414537830",30.1086062375998,-2.02779368644762,1,1
"414537831",30.1018828666339,-2.02983726710479,0,1
"414537832",30.10629335,-2.0296535,0,1
"414537833",30.1030214,-2.02406435,0,1
"414537834",30.1019154459432,-2.02157672838316,0,1
"414537835",30.1024977912622,-2.02351208242895,0,1
"414537836",30.1023381793467,-2.03011114197892,0,1
"414537837",30.10417695,-2.02560565,0,1
"414537838",30.10876005,-2.0274986,0,1
"414537839",30.1036194531797,-2.02739088227193,0,1
"414537840",30.1015257467635,-2.02681083334324,0,1
"414537841",30.1092763,-2.0292032,0,1
"414537842",30.1063130595829,-2.03063661503172,0,1
"414537843",30.1029823,-2.0274577,0,1
"414537844",30.1039725044882,-2.02599128482648,0,1
"414537845",30.1034714,-2.0303111,0,1
"414537846",30.1037487391284,-2.02892203378881,0,1
"414537847",30.0977273723402,-2.03074254101229,0,1
"414537848",30.1083629146654,-2.02873367234456,0,1
"414537849",30.0982413,-2.031726,0,1
"414537850",30.10468355,-2.02545375,0,1
"414537851",30.1014065825968,-2.02879676954153,0,1
"414537852",30.10402495,-2.02796165,0,1
"414537853",30.1011890849068,-2.0311224853764,0,1
"414537854",30.10114115,-2.0220806,0,1
"414537855",30.1033221949131,-2.0305334211439,0,1
"414537856",30.1042243,-2.02667215,1,1
"414537857",30.1020551,-2.0299893,0,1
"414537858",30.1016457,-2.03147795,0,1
"414537859",30.1048131696057,-2.02532906738856,0,1
"414537860",30.101478,-2.02842455,0,1
"414537861",30.1100983,-2.02766755,1,1
"414537862",30.1030244,-2.025569,0,1
"414537863",30.0984645804506,-2.03407736372923,0,1
"414537864",30.1013654721609,-2.03222723313203,0,1
"414537865",30.1056968960967,-2.024385318011,0,1
"414537866",30.1033394,-2.02712655,0,1
"414537867",30.0999736564047,-2.0327785689259,0,1
"414537868",30.1025622580899,-2.02536748089606,0,1
"414537869",30.1057483911869,-2.02395321732,0,1
"414537870",30.09913211056,-2.03078001785011,0,1
"414537871",30.1023697,-2.026331,0,1
"414537872",30.1033301,-2.0266151,0,1
"414537873",30.1004546173931,-2.03004419823562,0,1
"414537874",30.1048825,-2.021455,0,1
"414537875",30.1052434166093,-2.02469735158624,0,1
"414537876",30.1042782166021,-2.0255334484818,0,1
"414537877",30.1012031,-2.03004495,0,1
"414537878",30.10521545,-2.02427115,0,1
"414537879",30.1021199,-2.03026595,0,1
"414537880",30.1043991821203,-2.02283239845931,0,1
"414537881",30.1029191141856,-2.02753663308466,0,1
"414537882",30.1062903,-2.02869165,0,1
"414537883",30.1030411337714,-2.02389250105802,0,1
"414537884",30.1060472990708,-2.02333251874183,0,1
"414537885",30.10188045,-2.02151255,0,1
"414537886",30.10328695,-2.02864045,0,1
"414537887",30.1050469,-2.02372035,0,1
"414537888",30.1076528157751,-2.02857678319607,0,1
"414537889",30.1010998836848,-2.02960600549221,0,1
"414537890",30.10233685,-2.02991035,0,1
"414537891",30.09798405,-2.03172425,0,1
"414537892",30.1002211,-2.0227516,0,1
"414537893",30.1088594,-2.0275149,0,1
"414537894",30.1039176831516,-2.02787360098124,0,1
"414537895",30.1062398,-2.0272678,0,1
"414537896",30.10383735,-2.0234781,0,1
"414537897",30.1010351114582,-2.03101893921135,0,1
"414537898",30.10124385,-2.0219199,0,1
"414537899",30.106417652601,-2.03069288364054,0,1
"414537900",30.10178385,-2.02901215,0,1
"414537901",30.10391915,-2.0260368,0,1
"414537902",30.10040665,-2.03077245,0,1
"414537903",30.1037757,-2.02909985,0,1
"414537904",30.1106253982118,-2.02762056794334,0,1
"414537905",30.09766225,-2.0308433,0,1
"414537906",30.10252315,-2.0278602,0,1
"414537907",30.1029089331941,-2.02546580611631,0,1
"414537908",30.0992519528554,-2.03412981641712,1,1
"414537909",30.1056648641753,-2.02979332776606,1,1
"414537910",30.1037717082295,-2.02633283580031,0,1
"414537911",30.1029720754385,-2.03031515873356,0,1
"414537912",30.103245204106,-2.02827953231167,0,1
"414537913",30.1002956848726,-2.03287442228338,1,1
"414537914",30.1021247017935,-2.03097003216335,0,1
"414537915",30.1073664639858,-2.02366174532558,0,1
"414537916",30.1047132,-2.0251752,0,1
"414537917",30.10147953277,-2.02823472331658,0,1
"414537918",30.1029630815819,-2.02970528633545,0,1
"414537919",30.1027218658474,-2.02612277784252,0,1
"414537920",30.10532895,-2.02478665,0,1
"414537921",30.1004257830042,-2.03252595256379,0,1
"414537922",30.1058427,-2.0240367,0,1
"414537923",30.09911555,-2.0306886,0,1
"414537924",30.1022897564713,-2.02646928274504,0,1
"414537925",30.1049451972709,-2.0246042671312,0,1
"414537926",30.103903706998,-2.02259227915137,0,1
"414537927",30.1048510635587,-2.02637039304013,0,1
"414537928",30.1067416035929,-2.02413160563505,0,1
"414537929",30.1045159201573,-2.02580340336212,1,1
"414537930",30.1026255233539,-2.02634771792708,0,1
"414537931",30.1046279676173,-2.02554294233848,0,1
"414537932",30.1031687040695,-2.02672677772514,0,1
"414537933",30.105186623167,-2.02660858631665,0,1
"414537934",30.098704763797,-2.03097579324338,0,1
"414537935",30.1041724798477,-2.02678907283834,1,1
"414537936",30.1013945728802,-2.03194283688159,1,1
"414537937",30.1044283437817,-2.02749962157423,1,1
"414537938",30.1067841519864,-2.02395285433275,0,1
"414537939",30.1065563379769,-2.02418996153527,0,1
"414537940",30.101020475268,-2.02894804253996,0,1
"414537941",30.1066449160393,-2.02372740836386,1,1
"414537942",30.1026830226381,-2.02596258748221,0,1
"414537943",30.0991250184701,-2.03262963204337,1,1
"414537944",30.1069672350377,-2.02403917523948,0,1
"414537945",30.0988518509189,-2.03118375259384,1,1
"436739974",30.0923463509762,-2.00202692187311,1,1
"481433891",30.1019943,-2.1787954,1,1
"493996868",30.28793672147,-2.25411687370764,0,1
"493996869",30.2877851647305,-2.25424659278999,0,1
"493996870",30.2874200569524,-2.25501639741276,0,1
"493996871",30.2812399319085,-2.25991749505936,1,1
"493996873",30.2793232961526,-2.26195539519429,1,1
"493996874",30.2754254946421,-2.26704987336706,0,1
"493996875",30.2753140692954,-2.26698241254103,0,1
"493996885",30.2747870663831,-2.26632220012391,1,1
"493996895",30.2600259004792,-2.26985988740695,1,1
"493996896",30.2599601103339,-2.27015108920306,1,1
"493996897",30.260280100036,-2.27010285683156,1,1
"493996898",30.2603134156406,-2.26982200553533,1,1
"493996899",30.2605067,-2.269827,1,1
"493996900",30.260739857557,-2.270015425359,1,1
"493996932",30.2608403227127,-2.27027396829843,1,1
"493996935",30.2606970897947,-2.27062532085337,0,1
"493996936",30.25870825867,-2.27039058183867,1,1
"493996939",30.2563250044207,-2.2717538234957,1,1
"555075389",30.15561205,-2.17793765,1,1
"555075390",30.1547697177405,-2.17820531637032,1,1
"555075391",30.1550433,-2.178401,1,1
"555075392",30.1552699508761,-2.17810616843229,1,1
"555075393",30.1549251666667,-2.1778877,1,1
"570781614",30.0981191884016,-2.02282054939124,1,1
"570781615",30.0982850271541,-2.02345710799626,1,1
"570781616",30.0966867033474,-2.02383686854621,0,1
"570781617",30.0971587656446,-2.02372791861994,0,1
"570781618",30.0972378809118,-2.02315315690869,0,1
"570781619",30.0974271193361,-2.02307164300136,0,1
"570781620",30.0976069666207,-2.02371109652666,0,1
"570781621",30.0976360744015,-2.02358671138934,0,1
"570781622",30.09752555,-2.0231617,0,1
"570781623",30.0975134,-2.02335305,0,1
"570870729",30.0912587280306,-2.00101256476422,1,1
"376280871",30.09568875,-2.0000498,0,0
"376280872",30.0956141923477,-2.0000726154872,0,0
"378033141",30.0954862285374,-2.00147336447329,1,0
"405479719",30.37870065,-2.0285144,0,0
"405781629",30.3819755753747,-2.03332125963567,0,0
"405781768",30.3823628065903,-2.03283532130887,0,0
"405781769",30.3823181385945,-2.0331453993418,0,0
"405781770",30.3826491562196,-2.03294335696992,0,0
"405781771",30.3826741246265,-2.03325974796352,0,0
"405781772",30.3823824539141,-2.03345546028434,0,0
"405781773",30.3830473316909,-2.0331269526631,0,0
"493996876",30.2751880971713,-2.26692612197121,0,0
"493996877",30.275102405237,-2.26683255503303,0,0
"493996878",30.2749645721094,-2.2666829025523,0,0
"493996879",30.275115467906,-2.26658091454479,0,0
"493996880",30.2753638355578,-2.26624517815507,0,0
"493996881",30.2754165820786,-2.26645993266222,0,0
"493996882",30.2754948632676,-2.26595193214338,0,0
"493996883",30.2752087174985,-2.26592533856284,0,0
"493996884",30.2751034677927,-2.26618358153676,0,0
"493996886",30.2745768474747,-2.26639592856732,0,0
"493996887",30.274402296775,-2.26624970284251,0,0
"493996888",30.2742227292907,-2.26608975191456,0,0
"493996889",30.2745750137927,-2.2661011314804,0,0
"493996891",30.2740813078133,-2.26600942425211,0,0
"493996906",30.2611664628375,-2.27109886435123,0,0
"493996908",30.2614002141891,-2.27063941564675,0,0
"493996909",30.2615674943269,-2.27102908690111,0,0
"493996910",30.2615462967214,-2.27137611996991,0,0
"493996911",30.261922701575,-2.27102153881129,0,0
"493996912",30.2620913781191,-2.2712884218476,0,0
"493996913",30.2627566571816,-2.27110650794941,0,0
"493996914",30.2624839423829,-2.27088002350053,0,0
"493996915",30.262872261287,-2.27070163011106,0,0
"493996916",30.2635864991123,-2.27104992483572,0,0
"493996917",30.2640206699408,-2.27082884194386,0,0
"493996918",30.2647358181386,-2.27053589370606,0,0
"493996919",30.2655517951295,-2.27047398215591,0,0
"493996927",30.2626849973676,-2.27036610196262,0,0
"493996928",30.262293645326,-2.27036579702469,0,0
"493996929",30.2618111113568,-2.27042999401428,0,0
"493996930",30.2615317630516,-2.2702217756806,0,0
"493996931",30.2610606635336,-2.27024376067697,0,0
"493996933",30.2605089562206,-2.27056539039958,0,0
"493996934",30.2602315563436,-2.27068170618275,0,0
"493996937",30.2573212,-2.2715621,0,0
"493996938",30.2568418303809,-2.27166069704111,0,0
"530254380",30.0916924162283,-2.14349584058751,1,0
